dispute_id,txn_id,opened_ts,channel,city,amount_inr,dispute_type,status
DSP000001,TXN00029248,2025-07-15 19:46:03,UPI,Nagpur,7878.52,Unauthorized,Under Review
DSP000002,TXN00006331,2025-07-16 03:38:11,UPI,Chennai,2280.0,Account takeover,Lost
DSP000003,TXN00043171,2025-07-17 10:22:11,UPI,Surat,14385.89,Amount mismatch,Under Review
DSP000004,TXN00004699,2025-07-17 17:10:40,UPI,Pune,1760.9,Goods not received,Under Review
DSP000005,TXN00043808,2025-07-18 04:04:04,UPI,Hyderabad,18111.17,Duplicate charge,Lost
DSP000006,TXN00010259,2025-07-18 05:21:19,UPI,Jaipur,2288.45,Goods not received,Under Review
DSP000007,TXN00004557,2025-07-15 21:25:26,UPI,Chandigarh,1383.16,Unauthorized,Won
DSP000008,TXN00042804,2025-07-17 09:27:35,Card,Chennai,85764.99,Unauthorized,Won
DSP000009,TXN00009983,2025-07-15 14:36:41,UPI,Chennai,7265.59,Amount mismatch,Withdrawn
DSP000010,TXN00026667,2025-07-15 08:44:22,Wallet,Mumbai,1515.73,Duplicate charge,Lost
DSP000011,TXN00020732,2025-07-16 20:57:56,UPI,Bengaluru,22476.81,Goods not received,Under Review
DSP000012,TXN00034275,2025-07-17 02:20:33,UPI,Nagpur,9528.06,Goods not received,Open
DSP000013,TXN00003652,2025-07-17 04:46:10,UPI,Delhi,1233.67,Amount mismatch,Won
DSP000014,TXN00016632,2025-07-18 00:22:22,UPI,Chandigarh,3304.21,Account takeover,Open
DSP000015,TXN00033163,2025-07-17 11:59:18,UPI,Lucknow,75.65,Unauthorized,Under Review
DSP000016,TXN00034814,2025-07-18 01:15:25,Card,Chandigarh,2933.2,Amount mismatch,Open
DSP000017,TXN00029882,2025-07-16 00:46:32,Card,Kolkata,3866.39,Duplicate charge,Lost
DSP000018,TXN00033634,2025-07-16 22:21:22,Card,Chandigarh,2811.92,Unauthorized,Withdrawn
DSP000019,TXN00034698,2025-07-16 22:55:46,UPI,Bengaluru,2466.59,Unauthorized,Under Review
DSP000020,TXN00009234,2025-07-16 18:14:03,Card,Lucknow,5490.94,Duplicate charge,Won
DSP000021,TXN00029684,2025-07-18 02:30:38,UPI,Chennai,10457.28,Goods not received,Lost
DSP000022,TXN00046853,2025-07-17 15:18:50,UPI,Surat,4513.03,Duplicate charge,Open
DSP000023,TXN00005379,2025-07-17 16:09:12,UPI,Kochi,1236.1,Unauthorized,Won
DSP000024,TXN00034042,2025-07-18 09:58:55,UPI,Surat,272.29,Unauthorized,Under Review
DSP000025,TXN00044718,2025-07-18 09:33:24,Card,Mumbai,7960.52,Unauthorized,Open
DSP000026,TXN00020305,2025-07-16 19:26:04,Wallet,Pune,1085.35,Amount mismatch,Lost
DSP000027,TXN00029878,2025-07-17 17:59:27,UPI,Hyderabad,660.88,Goods not received,Open
DSP000028,TXN00023405,2025-07-17 08:08:40,UPI,Jaipur,78110.92,Goods not received,Withdrawn
DSP000029,TXN00044213,2025-07-18 23:11:37,Card,Ahmedabad,1208.51,Duplicate charge,Won
DSP000030,TXN00017939,2025-07-18 14:37:54,UPI,Chennai,2321.89,Unauthorized,Under Review
DSP000031,TXN00020586,2025-07-17 22:57:25,Card,Lucknow,7946.33,Account takeover,Withdrawn
DSP000032,TXN00040277,2025-07-17 09:57:56,Card,Ahmedabad,5516.29,Unauthorized,Open
DSP000033,TXN00035005,2025-07-18 22:18:31,Wallet,Jaipur,1578.7,Account takeover,Won
DSP000034,TXN00017228,2025-07-18 08:28:12,Card,Pune,1105.0,Unauthorized,Lost
DSP000035,TXN00028221,2025-07-16 09:56:32,Wallet,Nagpur,3085.78,Account takeover,Under Review
DSP000036,TXN00004689,2025-07-16 20:57:20,Card,Ahmedabad,2434.16,Account takeover,Lost
DSP000037,TXN00000149,2025-07-18 05:57:25,Card,Indore,14752.38,Unauthorized,Open
DSP000038,TXN00027860,2025-07-18 03:28:30,UPI,Kolkata,6031.18,Amount mismatch,Won
DSP000039,TXN00043200,2025-07-16 19:51:31,UPI,Ahmedabad,723.33,Unauthorized,Under Review
DSP000040,TXN00018665,2025-07-16 20:15:35,Card,Bengaluru,1071.39,Amount mismatch,Won
DSP000041,TXN00027679,2025-07-18 13:18:30,Wallet,Delhi,2808.76,Unauthorized,Lost
DSP000042,TXN00005344,2025-07-18 00:03:07,Wallet,Hyderabad,1390.38,Account takeover,Under Review
DSP000043,TXN00023853,2025-07-17 22:17:59,UPI,Surat,17752.68,Goods not received,Open
DSP000044,TXN00031525,2025-07-17 11:21:13,Card,Kochi,3988.8,Unauthorized,Under Review
DSP000045,TXN00014458,2025-07-16 23:31:06,Card,Jaipur,12987.2,Unauthorized,Open
DSP000046,TXN00001916,2025-07-18 06:01:01,UPI,Kolkata,3114.41,Goods not received,Open
DSP000047,TXN00011856,2025-07-19 03:17:57,Card,Nagpur,2828.83,Account takeover,Lost
DSP000048,TXN00002773,2025-07-17 09:01:13,UPI,Nagpur,423.37,Unauthorized,Lost
DSP000049,TXN00038626,2025-07-18 08:28:03,Card,Ahmedabad,46062.31,Unauthorized,Under Review
DSP000050,TXN00012011,2025-07-19 05:56:49,Card,Chennai,4746.12,Unauthorized,Under Review
DSP000051,TXN00047540,2025-07-19 04:03:44,UPI,Delhi,1804.88,Unauthorized,Under Review
DSP000052,TXN00005592,2025-07-19 09:05:06,UPI,Delhi,5151.56,Unauthorized,Lost
DSP000053,TXN00036355,2025-07-17 08:15:26,Card,Delhi,9060.68,Duplicate charge,Under Review
DSP000054,TXN00009754,2025-07-17 00:08:13,UPI,Jaipur,1835.27,Account takeover,Withdrawn
DSP000055,TXN00022785,2025-07-18 21:36:18,UPI,Nagpur,4788.6,Unauthorized,Won
DSP000056,TXN00008870,2025-07-16 23:47:58,UPI,Pune,1537.61,Goods not received,Won
DSP000057,TXN00009917,2025-07-16 23:40:44,Card,Kolkata,2741.49,Unauthorized,Under Review
DSP000058,TXN00034945,2025-07-19 18:39:41,UPI,Chennai,3716.23,Account takeover,Under Review
DSP000059,TXN00012441,2025-07-18 22:55:11,Card,Kolkata,14203.43,Unauthorized,Under Review
DSP000060,TXN00044549,2025-07-17 01:49:19,Wallet,Surat,3440.09,Unauthorized,Under Review
DSP000061,TXN00024420,2025-07-18 11:34:06,Card,Lucknow,4382.29,Duplicate charge,Won
DSP000062,TXN00016978,2025-07-19 13:35:55,Wallet,Kolkata,5564.73,Goods not received,Under Review
DSP000063,TXN00003081,2025-07-20 06:43:19,UPI,Jaipur,1241.77,Unauthorized,Open
DSP000064,TXN00041336,2025-07-19 14:16:17,UPI,Chandigarh,1121.94,Unauthorized,Won
DSP000065,TXN00035964,2025-07-18 14:30:55,UPI,Delhi,5675.16,Goods not received,Lost
DSP000066,TXN00029274,2025-07-19 11:24:29,Card,Nagpur,4250.46,Account takeover,Under Review
DSP000067,TXN00044029,2025-07-18 16:26:59,Card,Surat,8524.14,Unauthorized,Won
DSP000068,TXN00013364,2025-07-20 17:01:51,Card,Lucknow,13643.46,Duplicate charge,Under Review
DSP000069,TXN00020547,2025-07-17 22:13:47,Card,Ahmedabad,10347.42,Goods not received,Lost
DSP000070,TXN00039949,2025-07-20 02:06:58,UPI,Kolkata,3647.22,Duplicate charge,Under Review
DSP000071,TXN00002308,2025-07-19 18:16:11,Card,Pune,3312.44,Account takeover,Under Review
DSP000072,TXN00035268,2025-07-18 05:43:53,UPI,Kochi,4464.08,Unauthorized,Withdrawn
DSP000073,TXN00015244,2025-07-19 21:12:19,Wallet,Kochi,492.69,Duplicate charge,Under Review
DSP000074,TXN00046622,2025-07-18 18:35:34,UPI,Chandigarh,6716.45,Amount mismatch,Lost
DSP000075,TXN00041254,2025-07-18 20:56:31,Card,Nagpur,9895.21,Account takeover,Won
DSP000076,TXN00008989,2025-07-19 13:01:13,Card,Lucknow,25680.6,Account takeover,Open
DSP000077,TXN00026658,2025-07-20 12:51:43,Wallet,Kochi,1335.69,Unauthorized,Lost
DSP000078,TXN00005577,2025-07-20 23:05:12,UPI,Hyderabad,1772.94,Amount mismatch,Under Review
DSP000079,TXN00029819,2025-07-19 00:28:14,UPI,Lucknow,543.75,Unauthorized,Won
DSP000080,TXN00046225,2025-07-19 18:33:07,Card,Kochi,7396.7,Amount mismatch,Under Review
DSP000081,TXN00008931,2025-07-19 03:16:24,UPI,Lucknow,1831.43,Unauthorized,Won
DSP000082,TXN00047190,2025-07-20 02:23:08,UPI,Kochi,1308.31,Goods not received,Open
DSP000083,TXN00010395,2025-07-18 14:46:47,UPI,Chandigarh,131.04,Duplicate charge,Lost
DSP000084,TXN00013045,2025-07-19 02:12:29,UPI,Hyderabad,1680.25,Duplicate charge,Open
DSP000085,TXN00037903,2025-07-21 05:44:37,UPI,Nagpur,4002.08,Goods not received,Lost
DSP000086,TXN00025014,2025-07-19 04:10:33,UPI,Kolkata,1860.57,Unauthorized,Open
DSP000087,TXN00039779,2025-07-19 14:24:19,Wallet,Jaipur,234.2,Unauthorized,Won
DSP000088,TXN00041930,2025-07-20 09:21:03,UPI,Surat,2260.05,Unauthorized,Open
DSP000089,TXN00016769,2025-07-19 05:21:54,UPI,Nagpur,3122.28,Account takeover,Open
DSP000090,TXN00013970,2025-07-21 00:28:42,UPI,Chandigarh,1616.6,Unauthorized,Under Review
DSP000091,TXN00038543,2025-07-20 22:36:55,Card,Hyderabad,12264.58,Amount mismatch,Withdrawn
DSP000092,TXN00045774,2025-07-21 05:57:09,UPI,Nagpur,4301.61,Unauthorized,Won
DSP000093,TXN00027017,2025-07-19 15:45:22,Card,Jaipur,28691.31,Account takeover,Withdrawn
DSP000094,TXN00032212,2025-07-19 22:06:42,UPI,Bengaluru,4020.48,Goods not received,Open
DSP000095,TXN00039090,2025-07-20 18:53:09,UPI,Mumbai,3563.9,Unauthorized,Won
DSP000096,TXN00019106,2025-07-21 20:10:51,UPI,Nagpur,1629.83,Unauthorized,Withdrawn
DSP000097,TXN00026456,2025-07-21 17:24:43,UPI,Kochi,248.32,Unauthorized,Lost
DSP000098,TXN00013124,2025-07-21 05:13:03,UPI,Delhi,2176.98,Unauthorized,Under Review
DSP000099,TXN00008858,2025-07-20 16:45:19,Wallet,Ahmedabad,1802.02,Unauthorized,Under Review
DSP000100,TXN00041637,2025-07-21 13:03:40,UPI,Lucknow,723.62,Account takeover,Won
DSP000101,TXN00006225,2025-07-21 23:15:54,Card,Jaipur,2564.58,Unauthorized,Lost
DSP000102,TXN00023905,2025-07-19 04:43:21,Card,Chandigarh,1695.49,Goods not received,Under Review
DSP000103,TXN00005997,2025-07-19 06:43:36,UPI,Jaipur,1287.26,Goods not received,Open
DSP000104,TXN00042217,2025-07-21 21:21:43,UPI,Kochi,4835.12,Account takeover,Withdrawn
DSP000105,TXN00043460,2025-07-20 16:32:52,UPI,Lucknow,1664.59,Unauthorized,Won
DSP000106,TXN00027527,2025-07-21 22:06:11,UPI,Kochi,1608.86,Duplicate charge,Under Review
DSP000107,TXN00003095,2025-07-20 05:33:25,UPI,Hyderabad,6375.84,Amount mismatch,Under Review
DSP000108,TXN00002587,2025-07-21 02:03:27,UPI,Kochi,1663.71,Account takeover,Won
DSP000109,TXN00041603,2025-07-20 11:05:25,UPI,Chennai,2962.79,Account takeover,Under Review
DSP000110,TXN00030035,2025-07-21 03:09:43,Card,Nagpur,29486.0,Goods not received,Open
DSP000111,TXN00006326,2025-07-21 16:17:52,UPI,Pune,24422.6,Account takeover,Withdrawn
DSP000112,TXN00002030,2025-07-20 00:21:57,Wallet,Chandigarh,1371.62,Unauthorized,Under Review
DSP000113,TXN00025688,2025-07-21 20:45:43,UPI,Hyderabad,2611.91,Unauthorized,Lost
DSP000114,TXN00040282,2025-07-21 15:09:16,UPI,Mumbai,3100.0,Account takeover,Under Review
DSP000115,TXN00014751,2025-07-22 08:46:17,UPI,Surat,754.88,Duplicate charge,Lost
DSP000116,TXN00029471,2025-07-20 13:19:00,UPI,Chandigarh,5008.94,Amount mismatch,Lost
DSP000117,TXN00026950,2025-07-22 02:25:39,UPI,Surat,2656.69,Amount mismatch,Lost
DSP000118,TXN00019871,2025-07-20 12:13:04,UPI,Hyderabad,1315.14,Amount mismatch,Lost
DSP000119,TXN00015732,2025-07-20 02:08:51,Card,Surat,19212.78,Amount mismatch,Under Review
DSP000120,TXN00003102,2025-07-21 17:07:29,Card,Surat,14023.78,Amount mismatch,Won
DSP000121,TXN00037193,2025-07-22 11:43:30,Wallet,Delhi,1693.2,Goods not received,Under Review
DSP000122,TXN00000689,2025-07-21 21:54:31,Card,Hyderabad,1440.95,Unauthorized,Won
DSP000123,TXN00014805,2025-07-21 23:52:50,UPI,Pune,496.72,Duplicate charge,Won
DSP000124,TXN00042608,2025-07-22 00:03:12,UPI,Kochi,668.75,Account takeover,Lost
DSP000125,TXN00003446,2025-07-21 04:41:49,Wallet,Bengaluru,1578.16,Unauthorized,Under Review
DSP000126,TXN00004115,2025-07-22 06:11:49,Card,Surat,10723.83,Account takeover,Under Review
DSP000127,TXN00033127,2025-07-21 19:10:49,Wallet,Pune,2341.44,Unauthorized,Withdrawn
DSP000128,TXN00031412,2025-07-21 02:02:12,Card,Kochi,2311.58,Goods not received,Under Review
DSP000129,TXN00016528,2025-07-21 12:47:03,Wallet,Jaipur,4199.14,Account takeover,Lost
DSP000130,TXN00024512,2025-07-21 01:51:13,UPI,Indore,486.13,Duplicate charge,Under Review
DSP000131,TXN00017489,2025-07-21 12:20:42,UPI,Indore,2213.87,Unauthorized,Won
DSP000132,TXN00027069,2025-07-20 15:24:01,UPI,Chennai,3293.36,Duplicate charge,Under Review
DSP000133,TXN00040028,2025-07-20 20:46:19,UPI,Mumbai,960.46,Goods not received,Open
DSP000134,TXN00029653,2025-07-23 10:49:27,Card,Kolkata,7459.14,Unauthorized,Under Review
DSP000135,TXN00035976,2025-07-23 06:53:26,UPI,Kolkata,1680.01,Account takeover,Under Review
DSP000136,TXN00030567,2025-07-21 20:19:39,UPI,Ahmedabad,1308.35,Goods not received,Open
DSP000137,TXN00010388,2025-07-20 19:23:35,UPI,Kochi,7155.08,Amount mismatch,Withdrawn
DSP000138,TXN00020436,2025-07-21 10:29:21,UPI,Indore,2386.61,Goods not received,Withdrawn
DSP000139,TXN00001985,2025-07-21 08:44:32,Card,Nagpur,4000.34,Unauthorized,Won
DSP000140,TXN00037588,2025-07-21 06:05:14,UPI,Chennai,723.51,Duplicate charge,Open
DSP000141,TXN00022990,2025-07-22 22:36:45,Card,Indore,3775.4,Unauthorized,Lost
DSP000142,TXN00030410,2025-07-21 19:11:40,Card,Jaipur,5520.77,Amount mismatch,Won
DSP000143,TXN00043488,2025-07-21 05:27:36,UPI,Bengaluru,4250.52,Unauthorized,Withdrawn
DSP000144,TXN00028454,2025-07-22 22:27:13,UPI,Mumbai,3806.55,Duplicate charge,Open
DSP000145,TXN00028104,2025-07-23 16:31:39,UPI,Kochi,885.36,Duplicate charge,Withdrawn
DSP000146,TXN00040159,2025-07-23 06:39:38,UPI,Kolkata,7740.78,Account takeover,Under Review
DSP000147,TXN00042721,2025-07-21 02:44:20,Card,Surat,4016.5,Goods not received,Under Review
DSP000148,TXN00004140,2025-07-21 09:46:30,UPI,Jaipur,651.21,Unauthorized,Won
DSP000149,TXN00021434,2025-07-21 00:34:03,UPI,Hyderabad,2366.47,Unauthorized,Won
DSP000150,TXN00004443,2025-07-22 08:34:58,Card,Delhi,3920.96,Account takeover,Withdrawn
DSP000151,TXN00045667,2025-07-23 03:05:59,Card,Mumbai,5063.36,Goods not received,Open
DSP000152,TXN00016175,2025-07-23 07:18:53,Card,Jaipur,3200.7,Goods not received,Lost
DSP000153,TXN00020357,2025-07-22 07:27:07,UPI,Hyderabad,10460.21,Unauthorized,Won
DSP000154,TXN00038526,2025-07-23 18:27:56,UPI,Hyderabad,850.42,Amount mismatch,Open
DSP000155,TXN00023071,2025-07-21 06:46:57,Card,Ahmedabad,10518.55,Unauthorized,Withdrawn
DSP000156,TXN00035275,2025-07-22 23:00:41,UPI,Kochi,1013.99,Account takeover,Won
DSP000157,TXN00038259,2025-07-23 20:30:39,Card,Pune,12897.43,Unauthorized,Won
DSP000158,TXN00021278,2025-07-22 13:50:04,Wallet,Hyderabad,394.67,Goods not received,Under Review
DSP000159,TXN00046362,2025-07-23 04:17:24,UPI,Pune,3913.74,Goods not received,Open
DSP000160,TXN00026263,2025-07-24 01:41:00,UPI,Surat,3492.79,Account takeover,Open
DSP000161,TXN00012324,2025-07-22 18:19:10,Wallet,Nagpur,634.74,Goods not received,Open
DSP000162,TXN00028728,2025-07-22 00:32:13,Card,Ahmedabad,5051.32,Goods not received,Under Review
DSP000163,TXN00000941,2025-07-21 20:20:15,Wallet,Lucknow,9573.09,Account takeover,Won
DSP000164,TXN00044490,2025-07-21 19:14:09,UPI,Lucknow,4256.53,Unauthorized,Under Review
DSP000165,TXN00046158,2025-07-24 02:23:56,Card,Nagpur,3162.58,Unauthorized,Under Review
DSP000166,TXN00013076,2025-07-22 16:56:07,Card,Ahmedabad,3078.67,Goods not received,Won
DSP000167,TXN00004798,2025-07-23 11:21:23,UPI,Pune,748.56,Duplicate charge,Won
DSP000168,TXN00041440,2025-07-22 15:55:23,UPI,Surat,2260.11,Goods not received,Under Review
DSP000169,TXN00047464,2025-07-21 22:05:34,Card,Delhi,8822.76,Account takeover,Under Review
DSP000170,TXN00029873,2025-07-23 14:31:30,Card,Kochi,15283.53,Amount mismatch,Withdrawn
DSP000171,TXN00014381,2025-07-24 04:49:13,UPI,Bengaluru,4150.39,Unauthorized,Withdrawn
DSP000172,TXN00031431,2025-07-24 11:45:49,UPI,Indore,1509.65,Amount mismatch,Won
DSP000173,TXN00005519,2025-07-24 10:57:40,Card,Delhi,2722.05,Unauthorized,Won
DSP000174,TXN00046222,2025-07-23 10:27:44,UPI,Kolkata,3469.19,Amount mismatch,Withdrawn
DSP000175,TXN00022530,2025-07-22 19:22:09,UPI,Surat,486.64,Unauthorized,Withdrawn
DSP000176,TXN00013708,2025-07-22 08:43:53,Card,Nagpur,6608.67,Account takeover,Won
DSP000177,TXN00018146,2025-07-22 23:27:26,UPI,Chandigarh,3156.81,Account takeover,Won
DSP000178,TXN00044768,2025-07-22 21:29:38,Card,Kochi,2174.68,Account takeover,Under Review
DSP000179,TXN00001378,2025-07-22 15:52:36,Wallet,Surat,4352.39,Unauthorized,Under Review
DSP000180,TXN00005436,2025-07-23 14:49:26,UPI,Chennai,2017.16,Unauthorized,Open
DSP000181,TXN00005506,2025-07-24 09:06:11,Wallet,Kolkata,1965.16,Unauthorized,Lost
DSP000182,TXN00042806,2025-07-23 11:08:10,Card,Lucknow,3437.31,Unauthorized,Won
DSP000183,TXN00034735,2025-07-22 17:58:24,Card,Chandigarh,13575.42,Account takeover,Open
DSP000184,TXN00005786,2025-07-24 12:20:44,Card,Indore,4593.02,Unauthorized,Won
DSP000185,TXN00027893,2025-07-25 05:48:50,UPI,Indore,1854.38,Account takeover,Lost
DSP000186,TXN00037100,2025-07-24 10:25:35,Card,Bengaluru,2065.58,Amount mismatch,Won
DSP000187,TXN00028585,2025-07-25 04:14:53,UPI,Bengaluru,1522.57,Unauthorized,Under Review
DSP000188,TXN00013493,2025-07-22 19:36:38,Card,Bengaluru,4164.6,Goods not received,Open
DSP000189,TXN00010824,2025-07-23 04:58:04,Wallet,Mumbai,934.43,Account takeover,Open
DSP000190,TXN00018194,2025-07-25 12:49:37,UPI,Indore,537.57,Unauthorized,Won
DSP000191,TXN00029951,2025-07-24 10:10:21,Card,Indore,2202.98,Duplicate charge,Lost
DSP000192,TXN00029421,2025-07-24 15:36:12,Card,Pune,15894.71,Unauthorized,Under Review
DSP000193,TXN00017103,2025-07-22 23:15:31,Wallet,Bengaluru,810.97,Account takeover,Under Review
DSP000194,TXN00045100,2025-07-25 14:18:29,Card,Kolkata,8538.86,Duplicate charge,Open
DSP000195,TXN00002263,2025-07-25 00:21:36,UPI,Surat,221.11,Account takeover,Open
DSP000196,TXN00024812,2025-07-24 23:00:59,UPI,Pune,10076.26,Duplicate charge,Under Review
DSP000197,TXN00034629,2025-07-24 07:02:46,UPI,Chandigarh,1566.11,Goods not received,Withdrawn
DSP000198,TXN00009794,2025-07-25 06:25:12,Wallet,Hyderabad,870.41,Account takeover,Open
DSP000199,TXN00004976,2025-07-24 01:10:24,UPI,Surat,2358.22,Goods not received,Lost
DSP000200,TXN00007530,2025-07-25 01:19:59,UPI,Pune,4529.09,Goods not received,Won
DSP000201,TXN00009524,2025-07-24 12:23:55,UPI,Kochi,5303.48,Unauthorized,Lost
DSP000202,TXN00031133,2025-07-25 16:01:17,Wallet,Jaipur,5833.43,Unauthorized,Open
DSP000203,TXN00017295,2025-07-26 05:13:50,UPI,Surat,2551.96,Unauthorized,Open
DSP000204,TXN00044425,2025-07-25 08:39:25,Wallet,Lucknow,1720.71,Account takeover,Under Review
DSP000205,TXN00034681,2025-07-25 11:28:31,Card,Delhi,3350.77,Duplicate charge,Withdrawn
DSP000206,TXN00022741,2025-07-26 02:36:01,UPI,Delhi,4797.45,Unauthorized,Withdrawn
DSP000207,TXN00024493,2025-07-24 20:52:30,UPI,Kolkata,4462.02,Goods not received,Lost
DSP000208,TXN00015971,2025-07-25 02:01:46,UPI,Hyderabad,4491.24,Amount mismatch,Won
DSP000209,TXN00033723,2025-07-24 17:58:03,UPI,Kolkata,843.43,Amount mismatch,Under Review
DSP000210,TXN00015922,2025-07-23 15:30:38,UPI,Chennai,1658.51,Goods not received,Won
DSP000211,TXN00007332,2025-07-25 02:09:22,UPI,Ahmedabad,2265.75,Unauthorized,Under Review
DSP000212,TXN00004604,2025-07-24 21:39:58,UPI,Ahmedabad,1105.39,Unauthorized,Under Review
DSP000213,TXN00001412,2025-07-26 01:17:37,UPI,Chennai,9651.93,Unauthorized,Under Review
DSP000214,TXN00021123,2025-07-24 03:17:41,UPI,Jaipur,1157.0,Amount mismatch,Withdrawn
DSP000215,TXN00019850,2025-07-25 11:53:17,Card,Surat,6266.89,Account takeover,Open
DSP000216,TXN00044975,2025-07-24 03:13:45,UPI,Pune,1981.2,Goods not received,Under Review
DSP000217,TXN00004550,2025-07-26 20:05:12,UPI,Lucknow,2046.72,Unauthorized,Open
DSP000218,TXN00030421,2025-07-24 08:32:29,UPI,Ahmedabad,10209.82,Duplicate charge,Won
DSP000219,TXN00045988,2025-07-24 19:04:10,UPI,Pune,2343.46,Goods not received,Under Review
DSP000220,TXN00028303,2025-07-24 20:06:15,Card,Jaipur,4429.66,Account takeover,Open
DSP000221,TXN00002565,2025-07-25 12:16:45,UPI,Surat,10568.8,Amount mismatch,Open
DSP000222,TXN00007547,2025-07-25 06:13:47,Card,Chennai,20335.13,Unauthorized,Open
DSP000223,TXN00023039,2025-07-26 12:13:50,Card,Chennai,1797.66,Account takeover,Won
DSP000224,TXN00002191,2025-07-27 05:25:58,UPI,Bengaluru,4414.78,Goods not received,Lost
DSP000225,TXN00047304,2025-07-25 22:17:43,UPI,Indore,1795.84,Amount mismatch,Won
DSP000226,TXN00006879,2025-07-25 06:39:10,Card,Indore,15283.29,Goods not received,Under Review
DSP000227,TXN00044956,2025-07-25 08:46:14,Wallet,Ahmedabad,544.6,Duplicate charge,Open
DSP000228,TXN00012554,2025-07-24 12:01:08,UPI,Kolkata,2329.42,Unauthorized,Lost
DSP000229,TXN00035422,2025-07-25 09:30:58,UPI,Delhi,10985.66,Unauthorized,Open
DSP000230,TXN00019738,2025-07-26 19:39:29,UPI,Indore,3652.66,Unauthorized,Open
DSP000231,TXN00032286,2025-07-25 20:07:57,Card,Mumbai,8622.9,Unauthorized,Open
DSP000232,TXN00038104,2025-07-27 03:21:33,UPI,Jaipur,5036.28,Goods not received,Won
DSP000233,TXN00014346,2025-07-24 20:21:31,UPI,Nagpur,1527.54,Account takeover,Lost
DSP000234,TXN00022260,2025-07-25 06:56:18,Card,Lucknow,27465.68,Goods not received,Won
DSP000235,TXN00022985,2025-07-26 14:37:36,Card,Indore,1617.93,Unauthorized,Won
DSP000236,TXN00016532,2025-07-27 13:23:59,Wallet,Pune,2476.62,Account takeover,Open
DSP000237,TXN00009911,2025-07-26 12:44:41,UPI,Nagpur,3265.21,Account takeover,Under Review
DSP000238,TXN00012567,2025-07-24 19:56:16,UPI,Jaipur,5694.29,Duplicate charge,Withdrawn
DSP000239,TXN00003198,2025-07-25 23:23:20,UPI,Indore,1911.72,Goods not received,Won
DSP000240,TXN00040031,2025-07-25 09:30:02,Card,Chandigarh,1862.36,Duplicate charge,Withdrawn
DSP000241,TXN00006190,2025-07-26 04:11:37,UPI,Kochi,5103.21,Unauthorized,Withdrawn
DSP000242,TXN00033316,2025-07-25 09:48:59,Card,Bengaluru,3151.57,Unauthorized,Lost
DSP000243,TXN00008258,2025-07-25 15:11:17,UPI,Mumbai,3188.43,Goods not received,Won
DSP000244,TXN00036152,2025-07-27 19:29:59,UPI,Lucknow,3416.17,Account takeover,Open
DSP000245,TXN00008067,2025-07-25 05:18:07,UPI,Chennai,2436.5,Unauthorized,Under Review
DSP000246,TXN00039452,2025-07-25 19:39:05,UPI,Nagpur,600.26,Duplicate charge,Open
DSP000247,TXN00000544,2025-07-28 00:52:37,UPI,Pune,1056.89,Duplicate charge,Open
DSP000248,TXN00029031,2025-07-26 05:07:13,UPI,Lucknow,12167.47,Goods not received,Open
DSP000249,TXN00002641,2025-07-26 12:07:50,Card,Indore,9379.78,Goods not received,Open
DSP000250,TXN00014396,2025-07-28 03:09:13,Card,Jaipur,3153.99,Account takeover,Won
DSP000251,TXN00042657,2025-07-27 20:53:56,UPI,Nagpur,1334.56,Account takeover,Under Review
DSP000252,TXN00001187,2025-07-27 14:51:35,Card,Jaipur,62716.73,Unauthorized,Under Review
DSP000253,TXN00033962,2025-07-28 04:01:06,Wallet,Nagpur,2909.1,Goods not received,Open
DSP000254,TXN00045075,2025-07-27 08:33:51,UPI,Surat,5949.0,Unauthorized,Withdrawn
DSP000255,TXN00006668,2025-07-28 12:03:38,Card,Lucknow,14251.79,Duplicate charge,Open
DSP000256,TXN00003999,2025-07-28 21:45:48,UPI,Lucknow,2408.43,Account takeover,Open
DSP000257,TXN00035494,2025-07-27 08:38:09,UPI,Delhi,8128.32,Account takeover,Won
DSP000258,TXN00034128,2025-07-28 20:52:17,Card,Kochi,7592.65,Account takeover,Under Review
DSP000259,TXN00007447,2025-07-26 05:33:13,UPI,Chennai,1716.89,Account takeover,Open
DSP000260,TXN00038215,2025-07-26 07:19:17,Wallet,Chandigarh,3459.77,Account takeover,Under Review
DSP000261,TXN00025137,2025-07-28 14:40:32,UPI,Bengaluru,1149.94,Goods not received,Withdrawn
DSP000262,TXN00047793,2025-07-28 18:05:20,UPI,Mumbai,2986.22,Unauthorized,Under Review
DSP000263,TXN00016688,2025-07-27 18:56:32,UPI,Hyderabad,1728.19,Account takeover,Under Review
DSP000264,TXN00026774,2025-07-27 12:09:20,UPI,Kochi,2048.67,Amount mismatch,Under Review
DSP000265,TXN00027417,2025-07-28 04:37:19,Wallet,Bengaluru,2028.55,Account takeover,Lost
DSP000266,TXN00022171,2025-07-27 02:53:59,Card,Pune,6046.31,Unauthorized,Won
DSP000267,TXN00038039,2025-07-27 17:45:06,UPI,Nagpur,1878.74,Unauthorized,Under Review
DSP000268,TXN00009777,2025-07-28 07:16:51,UPI,Nagpur,1338.27,Unauthorized,Lost
DSP000269,TXN00002089,2025-07-28 16:21:52,UPI,Pune,495.72,Account takeover,Won
DSP000270,TXN00025382,2025-07-27 04:49:41,Card,Chennai,1142.86,Goods not received,Under Review
DSP000271,TXN00022993,2025-07-27 02:25:21,UPI,Pune,486.02,Duplicate charge,Open
DSP000272,TXN00015032,2025-07-29 00:01:32,UPI,Lucknow,5170.15,Amount mismatch,Open
DSP000273,TXN00046985,2025-07-28 16:30:38,UPI,Nagpur,1993.09,Unauthorized,Under Review
DSP000274,TXN00031136,2025-07-28 02:10:29,UPI,Chennai,3282.96,Unauthorized,Won
DSP000275,TXN00027204,2025-07-27 23:46:50,Card,Mumbai,4655.9,Unauthorized,Lost
DSP000276,TXN00021336,2025-07-29 16:55:08,UPI,Kolkata,4248.26,Duplicate charge,Open
DSP000277,TXN00032422,2025-07-28 03:56:55,UPI,Lucknow,3466.7,Account takeover,Open
DSP000278,TXN00042944,2025-07-27 23:40:08,UPI,Nagpur,523.48,Goods not received,Open
DSP000279,TXN00000516,2025-07-27 14:46:32,UPI,Surat,3749.92,Amount mismatch,Won
DSP000280,TXN00027561,2025-07-28 11:12:37,Wallet,Chandigarh,8333.04,Account takeover,Open
DSP000281,TXN00025344,2025-07-29 08:22:15,UPI,Chennai,2015.6,Unauthorized,Under Review
DSP000282,TXN00046483,2025-07-27 08:35:57,Card,Chennai,282.93,Unauthorized,Lost
DSP000283,TXN00033244,2025-07-27 14:15:44,UPI,Mumbai,3562.98,Unauthorized,Won
DSP000284,TXN00010095,2025-07-28 11:23:12,Card,Kochi,3227.61,Duplicate charge,Open
DSP000285,TXN00037383,2025-07-28 06:35:02,Card,Jaipur,1984.81,Duplicate charge,Under Review
DSP000286,TXN00039394,2025-07-27 07:17:51,Card,Chennai,11349.03,Goods not received,Lost
DSP000287,TXN00035846,2025-07-28 23:03:43,UPI,Hyderabad,4073.65,Amount mismatch,Lost
DSP000288,TXN00008881,2025-07-27 14:59:27,Wallet,Kochi,1406.58,Goods not received,Lost
DSP000289,TXN00008897,2025-07-27 20:28:31,UPI,Indore,2446.32,Account takeover,Won
DSP000290,TXN00002751,2025-07-28 03:32:16,Card,Jaipur,2717.83,Duplicate charge,Open
DSP000291,TXN00037474,2025-07-29 01:09:49,UPI,Delhi,4496.42,Account takeover,Under Review
DSP000292,TXN00007287,2025-07-29 10:19:47,Card,Bengaluru,3356.79,Account takeover,Open
DSP000293,TXN00017399,2025-07-29 17:33:13,UPI,Hyderabad,4100.7,Unauthorized,Open
DSP000294,TXN00003707,2025-07-30 11:31:43,Card,Indore,1263.41,Amount mismatch,Open
DSP000295,TXN00023630,2025-07-29 02:01:27,UPI,Jaipur,525.45,Amount mismatch,Open
DSP000296,TXN00036736,2025-07-29 23:57:42,UPI,Jaipur,2335.65,Account takeover,Open
DSP000297,TXN00016368,2025-07-28 06:22:02,UPI,Mumbai,1222.18,Amount mismatch,Won
DSP000298,TXN00003778,2025-07-29 19:44:39,Card,Jaipur,62799.98,Unauthorized,Open
DSP000299,TXN00046173,2025-07-29 16:21:17,UPI,Ahmedabad,2509.95,Unauthorized,Open
DSP000300,TXN00001785,2025-07-28 06:14:18,Wallet,Jaipur,1385.97,Duplicate charge,Lost
DSP000301,TXN00021169,2025-07-28 21:14:55,UPI,Ahmedabad,1610.34,Goods not received,Lost
DSP000302,TXN00032547,2025-07-30 09:21:16,Card,Mumbai,1288.21,Unauthorized,Under Review
DSP000303,TXN00009313,2025-07-28 10:21:29,UPI,Bengaluru,4132.72,Account takeover,Open
DSP000304,TXN00043199,2025-07-29 04:32:10,Wallet,Bengaluru,275.61,Amount mismatch,Lost
DSP000305,TXN00008260,2025-07-29 21:38:38,Wallet,Lucknow,1798.35,Goods not received,Won
DSP000306,TXN00023245,2025-07-29 20:26:21,UPI,Mumbai,283.01,Goods not received,Won
DSP000307,TXN00037238,2025-07-31 01:15:55,Card,Nagpur,4767.55,Goods not received,Lost
DSP000308,TXN00012906,2025-07-28 18:55:49,UPI,Chennai,7025.94,Goods not received,Under Review
DSP000309,TXN00023399,2025-07-31 00:56:06,UPI,Kochi,3396.13,Unauthorized,Under Review
DSP000310,TXN00027845,2025-07-28 06:15:23,Card,Pune,1940.58,Unauthorized,Under Review
DSP000311,TXN00028645,2025-07-28 22:17:29,Card,Kolkata,826.5,Account takeover,Open
DSP000312,TXN00010936,2025-07-28 14:18:14,UPI,Jaipur,6518.09,Unauthorized,Under Review
DSP000313,TXN00007866,2025-07-30 11:00:35,UPI,Pune,1735.88,Duplicate charge,Under Review
DSP000314,TXN00023578,2025-07-30 20:02:58,Card,Kochi,31567.95,Account takeover,Lost
DSP000315,TXN00012453,2025-07-28 18:32:51,UPI,Pune,20726.74,Unauthorized,Won
DSP000316,TXN00044450,2025-07-29 03:02:56,UPI,Kochi,869.94,Duplicate charge,Under Review
DSP000317,TXN00033546,2025-07-31 00:26:40,Card,Surat,6499.89,Goods not received,Open
DSP000318,TXN00031633,2025-07-28 08:44:00,UPI,Kochi,32328.06,Account takeover,Won
DSP000319,TXN00030133,2025-07-29 05:37:20,Wallet,Delhi,646.2,Amount mismatch,Won
DSP000320,TXN00031069,2025-07-29 14:36:30,UPI,Delhi,9022.75,Unauthorized,Lost
DSP000321,TXN00041389,2025-07-31 02:59:37,UPI,Chandigarh,3810.65,Account takeover,Open
DSP000322,TXN00044431,2025-07-31 13:00:03,UPI,Nagpur,3738.97,Account takeover,Lost
DSP000323,TXN00021942,2025-07-30 14:44:15,Card,Nagpur,663.0,Amount mismatch,Won
DSP000324,TXN00039161,2025-07-28 16:48:24,Card,Indore,20350.82,Duplicate charge,Under Review
DSP000325,TXN00035187,2025-07-30 06:57:12,Wallet,Chandigarh,5178.53,Unauthorized,Lost
DSP000326,TXN00038854,2025-07-29 09:00:23,Card,Delhi,938.38,Unauthorized,Open
DSP000327,TXN00027911,2025-07-28 22:04:36,UPI,Indore,2825.42,Amount mismatch,Lost
DSP000328,TXN00033002,2025-07-28 22:07:41,UPI,Ahmedabad,2710.68,Duplicate charge,Lost
DSP000329,TXN00014600,2025-07-30 09:26:42,UPI,Surat,4008.68,Unauthorized,Under Review
DSP000330,TXN00002452,2025-07-30 09:04:00,Wallet,Kolkata,405.63,Duplicate charge,Won
DSP000331,TXN00020212,2025-07-31 10:38:31,Wallet,Chandigarh,4246.85,Account takeover,Open
DSP000332,TXN00027574,2025-07-28 21:58:29,UPI,Ahmedabad,3182.13,Unauthorized,Under Review
DSP000333,TXN00003989,2025-07-30 01:17:45,UPI,Pune,1990.64,Account takeover,Lost
DSP000334,TXN00012565,2025-07-30 21:00:11,Wallet,Delhi,1641.17,Goods not received,Lost
DSP000335,TXN00010671,2025-07-29 12:43:58,Card,Hyderabad,24424.44,Unauthorized,Under Review
DSP000336,TXN00026467,2025-07-31 14:25:34,UPI,Lucknow,2338.92,Unauthorized,Open
DSP000337,TXN00010290,2025-07-29 12:40:14,UPI,Pune,8689.95,Account takeover,Under Review
DSP000338,TXN00018477,2025-07-29 07:58:33,UPI,Mumbai,2452.61,Account takeover,Open
DSP000339,TXN00015404,2025-07-31 10:56:20,UPI,Surat,761.24,Account takeover,Won
DSP000340,TXN00014908,2025-07-29 15:59:53,Wallet,Chandigarh,3183.86,Account takeover,Under Review
DSP000341,TXN00020323,2025-07-31 03:09:24,UPI,Ahmedabad,23918.1,Goods not received,Under Review
DSP000342,TXN00002870,2025-07-29 12:34:57,UPI,Surat,501.61,Unauthorized,Open
DSP000343,TXN00041376,2025-07-30 20:48:51,UPI,Chennai,27054.64,Unauthorized,Won
DSP000344,TXN00023237,2025-07-31 10:37:36,UPI,Bengaluru,2353.26,Unauthorized,Under Review
DSP000345,TXN00001182,2025-07-31 10:55:27,Wallet,Ahmedabad,524.01,Unauthorized,Won
DSP000346,TXN00045432,2025-07-30 23:41:27,UPI,Delhi,375.56,Duplicate charge,Won
DSP000347,TXN00040842,2025-07-31 04:55:38,UPI,Kochi,3187.17,Unauthorized,Lost
DSP000348,TXN00018183,2025-08-01 09:17:23,Card,Nagpur,4327.67,Duplicate charge,Withdrawn
DSP000349,TXN00044806,2025-07-30 19:50:20,Card,Bengaluru,19427.77,Unauthorized,Withdrawn
DSP000350,TXN00009877,2025-07-31 16:58:54,Wallet,Bengaluru,3840.18,Goods not received,Won
DSP000351,TXN00026519,2025-08-01 00:21:41,UPI,Indore,931.52,Amount mismatch,Won
DSP000352,TXN00043837,2025-07-31 18:45:54,Card,Surat,5662.31,Duplicate charge,Won
DSP000353,TXN00009492,2025-07-31 15:12:35,UPI,Indore,2707.75,Amount mismatch,Open
DSP000354,TXN00002742,2025-07-30 06:03:42,Card,Kochi,3845.92,Duplicate charge,Under Review
DSP000355,TXN00030505,2025-08-01 04:10:19,UPI,Mumbai,1230.75,Unauthorized,Open
DSP000356,TXN00007149,2025-07-30 18:21:41,UPI,Mumbai,790.09,Unauthorized,Open
DSP000357,TXN00041165,2025-08-02 00:29:02,Card,Delhi,2483.25,Account takeover,Lost
DSP000358,TXN00005224,2025-07-30 16:11:38,UPI,Pune,2673.28,Account takeover,Under Review
DSP000359,TXN00030210,2025-07-31 19:32:00,Card,Lucknow,18744.85,Goods not received,Won
DSP000360,TXN00041664,2025-07-30 17:03:37,UPI,Lucknow,715.29,Unauthorized,Under Review
DSP000361,TXN00008762,2025-07-31 13:06:34,UPI,Surat,385.62,Unauthorized,Lost
DSP000362,TXN00028336,2025-07-31 19:31:04,UPI,Mumbai,535.32,Duplicate charge,Open
DSP000363,TXN00018450,2025-08-02 07:39:47,UPI,Lucknow,2895.13,Unauthorized,Won
DSP000364,TXN00006364,2025-08-01 05:57:40,Wallet,Bengaluru,241.37,Amount mismatch,Under Review
DSP000365,TXN00039610,2025-08-01 02:00:12,Card,Nagpur,638.28,Unauthorized,Open
DSP000366,TXN00022839,2025-07-31 06:42:42,Card,Surat,9562.6,Unauthorized,Won
DSP000367,TXN00005526,2025-07-31 02:37:51,UPI,Chandigarh,402.71,Account takeover,Open
DSP000368,TXN00033694,2025-08-01 14:39:00,Card,Lucknow,1203.84,Goods not received,Open
DSP000369,TXN00045153,2025-08-01 21:55:53,UPI,Pune,477.44,Unauthorized,Under Review
DSP000370,TXN00043226,2025-08-02 08:56:59,UPI,Hyderabad,6634.61,Duplicate charge,Under Review
DSP000371,TXN00040857,2025-08-01 18:10:22,UPI,Jaipur,4287.72,Account takeover,Under Review
DSP000372,TXN00026946,2025-07-31 17:35:12,Card,Kochi,6427.82,Unauthorized,Won
DSP000373,TXN00019918,2025-08-02 11:38:36,Card,Jaipur,15846.54,Unauthorized,Under Review
DSP000374,TXN00035688,2025-08-02 06:57:12,UPI,Nagpur,5406.52,Unauthorized,Under Review
DSP000375,TXN00003648,2025-07-31 00:57:35,Wallet,Surat,8532.03,Account takeover,Under Review
DSP000376,TXN00026538,2025-08-01 14:26:34,UPI,Nagpur,1063.76,Unauthorized,Lost
DSP000377,TXN00044624,2025-08-01 01:37:52,UPI,Surat,358.66,Unauthorized,Under Review
DSP000378,TXN00018789,2025-08-02 08:42:01,UPI,Bengaluru,1857.07,Unauthorized,Under Review
DSP000379,TXN00011160,2025-07-31 21:54:16,UPI,Nagpur,2850.23,Amount mismatch,Open
DSP000380,TXN00004122,2025-08-01 19:06:51,UPI,Ahmedabad,6226.51,Unauthorized,Open
DSP000381,TXN00018229,2025-08-03 00:39:42,UPI,Pune,5929.0,Account takeover,Won
DSP000382,TXN00007019,2025-08-01 19:47:48,UPI,Hyderabad,2766.28,Goods not received,Won
DSP000383,TXN00003257,2025-07-31 05:25:24,UPI,Bengaluru,3347.59,Account takeover,Under Review
DSP000384,TXN00037819,2025-08-02 11:27:14,Wallet,Kolkata,473.26,Duplicate charge,Under Review
DSP000385,TXN00013994,2025-07-31 12:16:45,UPI,Indore,2604.18,Goods not received,Won
DSP000386,TXN00008477,2025-08-02 21:02:13,Card,Chennai,2490.16,Duplicate charge,Lost
DSP000387,TXN00006509,2025-08-01 17:33:57,UPI,Nagpur,2740.44,Unauthorized,Lost
DSP000388,TXN00032869,2025-08-03 07:49:53,Card,Mumbai,1079.62,Duplicate charge,Under Review
DSP000389,TXN00003845,2025-08-01 14:11:13,UPI,Lucknow,629.53,Amount mismatch,Open
DSP000390,TXN00042290,2025-08-01 02:44:38,Card,Mumbai,3813.87,Unauthorized,Lost
DSP000391,TXN00015080,2025-08-02 02:52:13,Card,Kolkata,3120.7,Unauthorized,Open
DSP000392,TXN00046313,2025-08-02 09:01:41,UPI,Surat,17935.08,Duplicate charge,Won
DSP000393,TXN00001183,2025-08-03 01:10:32,Wallet,Ahmedabad,335.35,Goods not received,Lost
DSP000394,TXN00047652,2025-08-02 13:05:11,UPI,Kolkata,262.65,Unauthorized,Lost
DSP000395,TXN00039720,2025-08-02 12:21:00,Wallet,Surat,1713.26,Unauthorized,Open
DSP000396,TXN00034880,2025-08-03 02:57:34,UPI,Chandigarh,1948.49,Account takeover,Won
DSP000397,TXN00029727,2025-08-02 01:34:53,UPI,Mumbai,1861.81,Amount mismatch,Lost
DSP000398,TXN00001193,2025-08-03 01:20:57,Wallet,Kochi,201.72,Duplicate charge,Open
DSP000399,TXN00025720,2025-08-02 04:23:59,Wallet,Lucknow,1126.97,Account takeover,Under Review
DSP000400,TXN00004621,2025-08-02 17:56:56,Wallet,Kolkata,1306.35,Unauthorized,Open
DSP000401,TXN00033597,2025-08-01 14:19:30,Wallet,Pune,200.4,Unauthorized,Won
DSP000402,TXN00006952,2025-08-03 13:48:19,UPI,Kolkata,1736.9,Amount mismatch,Won
DSP000403,TXN00028168,2025-08-01 21:55:42,UPI,Delhi,2494.09,Duplicate charge,Open
DSP000404,TXN00008147,2025-08-01 15:47:27,Wallet,Delhi,1239.26,Duplicate charge,Open
DSP000405,TXN00036235,2025-08-02 20:28:45,UPI,Indore,432.01,Goods not received,Under Review
DSP000406,TXN00006617,2025-08-03 20:53:53,Wallet,Bengaluru,6083.36,Duplicate charge,Won
DSP000407,TXN00045445,2025-08-02 01:45:47,UPI,Kochi,5208.68,Account takeover,Under Review
DSP000408,TXN00012458,2025-08-04 03:04:39,Card,Nagpur,9830.99,Unauthorized,Under Review
DSP000409,TXN00026099,2025-08-01 23:05:49,UPI,Kochi,1843.12,Duplicate charge,Lost
DSP000410,TXN00003944,2025-08-02 08:07:15,UPI,Mumbai,6302.15,Unauthorized,Open
DSP000411,TXN00010112,2025-08-03 10:37:12,UPI,Kochi,12391.92,Duplicate charge,Lost
DSP000412,TXN00001758,2025-08-01 16:36:18,Card,Surat,3686.16,Duplicate charge,Lost
DSP000413,TXN00021351,2025-08-03 04:22:02,Card,Surat,5208.01,Duplicate charge,Under Review
DSP000414,TXN00046470,2025-08-02 09:41:36,UPI,Indore,8964.52,Account takeover,Under Review
DSP000415,TXN00046711,2025-08-02 17:06:12,UPI,Pune,1182.99,Goods not received,Won
DSP000416,TXN00016875,2025-08-03 01:40:57,Card,Chandigarh,445.09,Unauthorized,Withdrawn
DSP000417,TXN00002927,2025-08-02 07:16:44,Wallet,Kolkata,675.58,Account takeover,Won
DSP000418,TXN00001286,2025-08-02 19:00:17,UPI,Ahmedabad,1247.69,Unauthorized,Open
DSP000419,TXN00010928,2025-08-03 20:01:40,Card,Kochi,3695.88,Unauthorized,Lost
DSP000420,TXN00034997,2025-08-03 20:29:21,Card,Chennai,4391.76,Goods not received,Won
DSP000421,TXN00032936,2025-08-02 07:15:13,UPI,Ahmedabad,1772.0,Goods not received,Open
DSP000422,TXN00035219,2025-08-02 17:38:18,UPI,Kolkata,99.04,Goods not received,Open
DSP000423,TXN00037837,2025-08-04 15:13:32,Card,Delhi,2415.11,Unauthorized,Withdrawn
DSP000424,TXN00045020,2025-08-02 17:30:44,UPI,Indore,2891.72,Goods not received,Won
DSP000425,TXN00042419,2025-08-04 13:46:05,UPI,Mumbai,1452.47,Account takeover,Won
DSP000426,TXN00026215,2025-08-02 04:19:53,Card,Jaipur,7165.17,Account takeover,Lost
DSP000427,TXN00012175,2025-08-02 20:11:35,UPI,Indore,8302.13,Unauthorized,Won
DSP000428,TXN00029608,2025-08-03 08:11:50,UPI,Indore,468.78,Unauthorized,Under Review
DSP000429,TXN00004685,2025-08-05 00:18:56,UPI,Pune,931.58,Goods not received,Open
DSP000430,TXN00017523,2025-08-04 22:28:58,UPI,Delhi,1940.97,Goods not received,Lost
DSP000431,TXN00026492,2025-08-04 04:55:03,UPI,Kolkata,371.5,Account takeover,Open
DSP000432,TXN00035795,2025-08-04 21:01:33,Card,Kolkata,9284.38,Account takeover,Under Review
DSP000433,TXN00026438,2025-08-03 00:21:46,UPI,Indore,1701.3,Account takeover,Open
DSP000434,TXN00046337,2025-08-03 01:14:17,Card,Chandigarh,1398.46,Amount mismatch,Open
DSP000435,TXN00011597,2025-08-02 07:50:36,Card,Indore,47075.66,Unauthorized,Won
DSP000436,TXN00040054,2025-08-02 12:41:59,UPI,Lucknow,7105.23,Amount mismatch,Withdrawn
DSP000437,TXN00044265,2025-08-04 08:53:55,UPI,Surat,86761.09,Account takeover,Won
DSP000438,TXN00038942,2025-08-04 21:05:28,UPI,Kochi,3188.04,Goods not received,Won
DSP000439,TXN00020700,2025-08-02 17:25:47,Card,Hyderabad,27302.67,Goods not received,Lost
DSP000440,TXN00010486,2025-08-04 21:51:23,UPI,Indore,4091.87,Unauthorized,Withdrawn
DSP000441,TXN00037309,2025-08-05 01:19:54,Card,Surat,1247.51,Duplicate charge,Open
DSP000442,TXN00038714,2025-08-04 16:48:40,UPI,Delhi,586.72,Unauthorized,Won
DSP000443,TXN00031945,2025-08-04 03:57:07,UPI,Bengaluru,3875.27,Goods not received,Under Review
DSP000444,TXN00004233,2025-08-03 08:24:48,Wallet,Bengaluru,1914.13,Account takeover,Withdrawn
DSP000445,TXN00046356,2025-08-02 14:38:43,UPI,Ahmedabad,1626.59,Unauthorized,Open
DSP000446,TXN00016717,2025-08-04 03:59:26,UPI,Mumbai,1472.77,Account takeover,Won
DSP000447,TXN00004974,2025-08-03 07:02:18,Card,Indore,4662.23,Unauthorized,Lost
DSP000448,TXN00020552,2025-08-04 07:17:32,Card,Surat,9072.85,Account takeover,Withdrawn
DSP000449,TXN00035967,2025-08-03 00:41:44,UPI,Nagpur,766.09,Amount mismatch,Lost
DSP000450,TXN00026742,2025-08-03 21:09:31,Card,Surat,10205.6,Unauthorized,Lost
DSP000451,TXN00035689,2025-08-05 07:28:46,Wallet,Jaipur,2782.0,Unauthorized,Under Review
DSP000452,TXN00029458,2025-08-03 15:40:16,UPI,Indore,17473.9,Duplicate charge,Under Review
DSP000453,TXN00028325,2025-08-02 22:57:52,Wallet,Chandigarh,3849.51,Account takeover,Won
DSP000454,TXN00046355,2025-08-05 00:26:29,UPI,Lucknow,2647.86,Amount mismatch,Lost
DSP000455,TXN00013966,2025-08-04 01:24:41,UPI,Mumbai,5022.47,Account takeover,Under Review
DSP000456,TXN00017206,2025-08-05 07:42:41,Wallet,Mumbai,799.97,Unauthorized,Open
DSP000457,TXN00047309,2025-08-04 21:51:10,Card,Delhi,17187.76,Duplicate charge,Lost
DSP000458,TXN00025328,2025-08-05 22:15:56,UPI,Hyderabad,41983.91,Amount mismatch,Under Review
DSP000459,TXN00007371,2025-08-04 06:42:06,UPI,Nagpur,7909.4,Duplicate charge,Open
DSP000460,TXN00045387,2025-08-05 23:44:28,UPI,Chennai,1607.55,Account takeover,Under Review
DSP000461,TXN00044291,2025-08-04 12:08:04,Card,Kolkata,5412.14,Account takeover,Lost
DSP000462,TXN00011868,2025-08-04 16:00:47,UPI,Chennai,2274.34,Account takeover,Under Review
DSP000463,TXN00013163,2025-08-05 21:08:35,Wallet,Delhi,4949.09,Amount mismatch,Under Review
DSP000464,TXN00010903,2025-08-03 23:07:00,Card,Lucknow,31297.4,Duplicate charge,Won
DSP000465,TXN00038032,2025-08-03 08:36:37,UPI,Lucknow,1880.43,Account takeover,Won
DSP000466,TXN00026367,2025-08-04 19:10:28,UPI,Indore,1231.87,Unauthorized,Lost
DSP000467,TXN00019592,2025-08-04 08:01:46,UPI,Chennai,1191.97,Account takeover,Lost
DSP000468,TXN00035435,2025-08-04 18:18:27,Card,Pune,25365.6,Unauthorized,Under Review
DSP000469,TXN00040228,2025-08-04 13:54:49,Wallet,Indore,1205.45,Unauthorized,Lost
DSP000470,TXN00025538,2025-08-06 03:04:29,Card,Hyderabad,6572.63,Account takeover,Won
DSP000471,TXN00041649,2025-08-05 05:10:29,Card,Mumbai,4922.55,Duplicate charge,Won
DSP000472,TXN00000614,2025-08-05 01:54:50,Card,Nagpur,10846.82,Unauthorized,Under Review
DSP000473,TXN00020018,2025-08-05 01:48:49,Wallet,Delhi,134.05,Account takeover,Under Review
DSP000474,TXN00011286,2025-08-06 05:02:09,Card,Kochi,4084.4,Unauthorized,Under Review
DSP000475,TXN00024611,2025-08-06 08:22:20,UPI,Mumbai,1205.38,Duplicate charge,Won
DSP000476,TXN00014336,2025-08-05 13:00:48,UPI,Hyderabad,3879.98,Account takeover,Won
DSP000477,TXN00013029,2025-08-05 08:42:55,Wallet,Nagpur,2078.55,Duplicate charge,Under Review
DSP000478,TXN00006964,2025-08-06 15:38:34,UPI,Hyderabad,11790.59,Duplicate charge,Won
DSP000479,TXN00022736,2025-08-04 23:37:25,Card,Chennai,21047.41,Unauthorized,Open
DSP000480,TXN00022551,2025-08-06 15:57:16,UPI,Delhi,2408.82,Account takeover,Open
DSP000481,TXN00009005,2025-08-06 03:29:29,Card,Chennai,3784.92,Duplicate charge,Under Review
DSP000482,TXN00031316,2025-08-07 07:19:12,UPI,Nagpur,6881.5,Duplicate charge,Lost
DSP000483,TXN00015265,2025-08-06 07:40:41,UPI,Lucknow,2876.97,Unauthorized,Open
DSP000484,TXN00016971,2025-08-05 17:12:31,UPI,Mumbai,14193.45,Unauthorized,Won
DSP000485,TXN00026761,2025-08-05 19:50:00,Card,Nagpur,4312.07,Unauthorized,Withdrawn
DSP000486,TXN00028729,2025-08-07 09:01:06,Wallet,Bengaluru,109.65,Amount mismatch,Lost
DSP000487,TXN00035732,2025-08-07 04:47:48,UPI,Delhi,1237.93,Goods not received,Won
DSP000488,TXN00008134,2025-08-06 23:25:28,Wallet,Surat,4623.15,Account takeover,Under Review
DSP000489,TXN00022884,2025-08-06 21:13:31,Wallet,Indore,9229.77,Duplicate charge,Won
DSP000490,TXN00012174,2025-08-05 09:01:03,Card,Chennai,12280.08,Goods not received,Won
DSP000491,TXN00007895,2025-08-05 22:30:56,UPI,Kolkata,9900.21,Unauthorized,Won
DSP000492,TXN00011561,2025-08-07 02:03:48,UPI,Lucknow,6470.07,Duplicate charge,Under Review
DSP000493,TXN00032029,2025-08-07 21:35:56,UPI,Bengaluru,732.84,Duplicate charge,Open
DSP000494,TXN00021256,2025-08-08 03:18:30,Card,Lucknow,15483.78,Unauthorized,Open
DSP000495,TXN00001299,2025-08-06 16:56:44,Wallet,Bengaluru,1677.32,Account takeover,Under Review
DSP000496,TXN00033659,2025-08-07 12:29:38,UPI,Chennai,16102.23,Account takeover,Won
DSP000497,TXN00011390,2025-08-07 14:04:52,Card,Kochi,2131.29,Account takeover,Under Review
DSP000498,TXN00038588,2025-08-08 00:50:43,UPI,Delhi,741.56,Amount mismatch,Under Review
DSP000499,TXN00007568,2025-08-06 09:58:59,Card,Nagpur,4884.66,Goods not received,Lost
DSP000500,TXN00024756,2025-08-06 09:40:10,UPI,Mumbai,3734.43,Unauthorized,Won
DSP000501,TXN00010030,2025-08-06 04:28:47,Card,Pune,4052.06,Unauthorized,Won
DSP000502,TXN00026382,2025-08-08 10:18:32,UPI,Chennai,779.22,Goods not received,Under Review
DSP000503,TXN00036457,2025-08-06 04:14:07,UPI,Surat,1123.43,Unauthorized,Won
DSP000504,TXN00043523,2025-08-08 01:54:04,UPI,Hyderabad,660.09,Account takeover,Open
DSP000505,TXN00027323,2025-08-08 16:41:51,Wallet,Lucknow,15915.6,Unauthorized,Lost
DSP000506,TXN00036236,2025-08-07 07:39:28,UPI,Ahmedabad,3419.84,Duplicate charge,Open
DSP000507,TXN00031933,2025-08-07 12:45:13,UPI,Chennai,6820.24,Unauthorized,Won
DSP000508,TXN00020609,2025-08-07 20:37:29,UPI,Jaipur,7936.0,Unauthorized,Open
DSP000509,TXN00015770,2025-08-08 03:21:34,Card,Lucknow,18209.0,Account takeover,Under Review
DSP000510,TXN00023963,2025-08-07 10:15:51,Card,Hyderabad,3989.1,Unauthorized,Won
DSP000511,TXN00027541,2025-08-07 15:47:22,UPI,Nagpur,10089.87,Goods not received,Lost
DSP000512,TXN00045589,2025-08-07 01:05:41,UPI,Pune,5065.94,Unauthorized,Under Review
DSP000513,TXN00006603,2025-08-06 23:14:24,UPI,Kochi,3927.64,Duplicate charge,Under Review
DSP000514,TXN00025133,2025-08-08 05:25:03,Card,Pune,5613.12,Unauthorized,Open
DSP000515,TXN00018670,2025-08-06 22:06:57,UPI,Lucknow,3999.52,Goods not received,Won
DSP000516,TXN00046877,2025-08-07 16:14:35,UPI,Jaipur,3489.84,Account takeover,Lost
DSP000517,TXN00030365,2025-08-08 05:42:22,Card,Mumbai,3543.41,Amount mismatch,Under Review
DSP000518,TXN00041264,2025-08-07 19:15:20,Card,Ahmedabad,6981.47,Duplicate charge,Open
DSP000519,TXN00046620,2025-08-08 21:51:46,UPI,Bengaluru,678.24,Duplicate charge,Won
DSP000520,TXN00012826,2025-08-09 04:12:00,UPI,Delhi,1118.34,Duplicate charge,Lost
DSP000521,TXN00034821,2025-08-06 17:37:54,UPI,Indore,3526.18,Account takeover,Open
DSP000522,TXN00038836,2025-08-07 03:42:42,UPI,Bengaluru,1548.04,Goods not received,Under Review
DSP000523,TXN00019952,2025-08-07 13:45:54,Card,Ahmedabad,938.93,Unauthorized,Won
DSP000524,TXN00021052,2025-08-06 21:32:17,UPI,Pune,19438.34,Account takeover,Under Review
DSP000525,TXN00007020,2025-08-07 01:40:13,UPI,Bengaluru,8559.44,Duplicate charge,Lost
DSP000526,TXN00005455,2025-08-07 22:01:14,UPI,Chennai,7282.47,Account takeover,Under Review
DSP000527,TXN00045685,2025-08-09 20:29:56,Card,Kolkata,14714.18,Duplicate charge,Won
DSP000528,TXN00042582,2025-08-07 07:19:29,Wallet,Delhi,238.44,Unauthorized,Won
DSP000529,TXN00029365,2025-08-09 05:22:08,UPI,Delhi,1230.55,Goods not received,Under Review
DSP000530,TXN00044658,2025-08-07 20:54:04,Card,Kochi,7052.91,Goods not received,Under Review
DSP000531,TXN00031545,2025-08-07 14:55:26,Card,Bengaluru,7986.76,Unauthorized,Withdrawn
DSP000532,TXN00021027,2025-08-08 06:08:32,UPI,Chandigarh,1358.86,Account takeover,Lost
DSP000533,TXN00024790,2025-08-09 19:17:26,Wallet,Pune,692.3,Amount mismatch,Under Review
DSP000534,TXN00009554,2025-08-08 12:34:01,Wallet,Lucknow,1999.5,Amount mismatch,Open
DSP000535,TXN00002964,2025-08-08 23:25:43,Card,Mumbai,12262.35,Duplicate charge,Open
DSP000536,TXN00021407,2025-08-07 12:35:03,UPI,Mumbai,11198.82,Unauthorized,Withdrawn
DSP000537,TXN00010944,2025-08-07 23:49:06,UPI,Ahmedabad,1044.77,Unauthorized,Won
DSP000538,TXN00029054,2025-08-09 04:49:10,UPI,Kochi,716.68,Goods not received,Under Review
DSP000539,TXN00045997,2025-08-08 20:47:52,UPI,Chennai,2356.79,Duplicate charge,Open
DSP000540,TXN00008709,2025-08-10 07:31:39,UPI,Mumbai,2732.84,Unauthorized,Under Review
DSP000541,TXN00001650,2025-08-09 23:34:32,Wallet,Hyderabad,1223.64,Unauthorized,Lost
DSP000542,TXN00022150,2025-08-09 08:02:08,UPI,Surat,2924.1,Account takeover,Won
DSP000543,TXN00037025,2025-08-07 23:04:36,Wallet,Lucknow,1144.51,Unauthorized,Open
DSP000544,TXN00030102,2025-08-08 21:50:01,Card,Chandigarh,20842.97,Unauthorized,Open
DSP000545,TXN00009477,2025-08-10 09:51:45,UPI,Chennai,8008.17,Unauthorized,Under Review
DSP000546,TXN00004746,2025-08-08 01:10:22,UPI,Jaipur,1668.52,Amount mismatch,Open
DSP000547,TXN00032068,2025-08-08 08:23:42,UPI,Lucknow,1749.68,Amount mismatch,Open
DSP000548,TXN00040049,2025-08-08 13:14:06,Wallet,Hyderabad,2025.66,Account takeover,Won
DSP000549,TXN00043506,2025-08-08 17:35:38,UPI,Jaipur,3685.0,Duplicate charge,Won
DSP000550,TXN00044560,2025-08-09 04:03:57,Card,Hyderabad,2139.47,Account takeover,Lost
DSP000551,TXN00044022,2025-08-09 00:29:14,Card,Indore,28019.54,Amount mismatch,Open
DSP000552,TXN00043059,2025-08-08 14:36:19,UPI,Lucknow,2606.01,Unauthorized,Open
DSP000553,TXN00037494,2025-08-09 02:38:16,Wallet,Hyderabad,4031.39,Goods not received,Under Review
DSP000554,TXN00008195,2025-08-08 16:55:14,UPI,Indore,553.48,Goods not received,Won
DSP000555,TXN00006917,2025-08-08 18:24:52,UPI,Lucknow,1641.89,Account takeover,Under Review
DSP000556,TXN00011164,2025-08-09 18:54:58,Card,Nagpur,3976.35,Unauthorized,Won
DSP000557,TXN00029311,2025-08-10 00:06:01,UPI,Lucknow,1234.37,Amount mismatch,Won
DSP000558,TXN00037652,2025-08-08 06:13:29,Wallet,Nagpur,7379.58,Unauthorized,Withdrawn
DSP000559,TXN00002852,2025-08-09 15:45:07,UPI,Chennai,1964.23,Unauthorized,Open
DSP000560,TXN00025568,2025-08-10 20:09:15,UPI,Delhi,1532.12,Account takeover,Under Review
DSP000561,TXN00044917,2025-08-09 18:11:02,UPI,Hyderabad,8144.85,Unauthorized,Under Review
DSP000562,TXN00024757,2025-08-09 18:40:36,UPI,Hyderabad,1803.36,Unauthorized,Open
DSP000563,TXN00001648,2025-08-10 02:17:13,UPI,Pune,20572.26,Account takeover,Lost
DSP000564,TXN00012234,2025-08-08 17:42:15,UPI,Delhi,1212.51,Unauthorized,Won
DSP000565,TXN00027300,2025-08-08 11:41:17,UPI,Ahmedabad,1711.34,Unauthorized,Won
DSP000566,TXN00033421,2025-08-10 16:18:39,UPI,Kochi,914.81,Duplicate charge,Won
DSP000567,TXN00000645,2025-08-09 16:29:27,Card,Indore,5813.52,Unauthorized,Won
DSP000568,TXN00017849,2025-08-10 13:33:19,Card,Pune,3035.7,Goods not received,Won
DSP000569,TXN00028738,2025-08-10 19:08:09,Wallet,Ahmedabad,4915.58,Amount mismatch,Won
DSP000570,TXN00010618,2025-08-09 06:58:54,Card,Indore,2729.53,Account takeover,Under Review
DSP000571,TXN00005913,2025-08-09 04:36:43,UPI,Jaipur,1540.41,Duplicate charge,Lost
DSP000572,TXN00046466,2025-08-11 07:08:07,Card,Hyderabad,1763.46,Unauthorized,Won
DSP000573,TXN00038826,2025-08-10 02:11:18,UPI,Indore,412.17,Unauthorized,Open
DSP000574,TXN00004179,2025-08-10 06:15:59,Card,Lucknow,24981.6,Account takeover,Won
DSP000575,TXN00031290,2025-08-09 10:35:46,UPI,Jaipur,6185.23,Unauthorized,Lost
DSP000576,TXN00000980,2025-08-09 12:04:37,UPI,Bengaluru,3214.59,Goods not received,Under Review
DSP000577,TXN00007865,2025-08-10 11:20:33,UPI,Chandigarh,2358.98,Unauthorized,Under Review
DSP000578,TXN00045998,2025-08-11 21:21:42,UPI,Delhi,5647.16,Account takeover,Lost
DSP000579,TXN00029509,2025-08-09 14:08:28,UPI,Indore,5395.57,Account takeover,Under Review
DSP000580,TXN00032186,2025-08-09 20:23:16,Card,Nagpur,2703.98,Duplicate charge,Won
DSP000581,TXN00019049,2025-08-10 02:27:54,Wallet,Hyderabad,18325.22,Goods not received,Lost
DSP000582,TXN00015624,2025-08-09 14:27:48,UPI,Bengaluru,5288.0,Unauthorized,Won
DSP000583,TXN00001918,2025-08-09 11:31:11,Card,Kochi,5711.35,Account takeover,Withdrawn
DSP000584,TXN00030923,2025-08-09 13:46:17,UPI,Surat,1253.46,Unauthorized,Lost
DSP000585,TXN00029879,2025-08-09 10:50:47,Card,Bengaluru,15121.31,Duplicate charge,Open
DSP000586,TXN00011626,2025-08-10 20:41:13,Wallet,Jaipur,1797.33,Unauthorized,Open
DSP000587,TXN00022746,2025-08-11 14:56:27,UPI,Hyderabad,2289.66,Duplicate charge,Under Review
DSP000588,TXN00043768,2025-08-11 14:33:15,Wallet,Ahmedabad,2474.93,Goods not received,Won
DSP000589,TXN00037448,2025-08-11 19:20:23,UPI,Jaipur,3042.7,Account takeover,Won
DSP000590,TXN00028572,2025-08-10 00:58:02,UPI,Chennai,1000.92,Goods not received,Open
DSP000591,TXN00018792,2025-08-10 09:35:42,Card,Nagpur,75711.38,Goods not received,Won
DSP000592,TXN00024014,2025-08-10 05:07:54,Card,Delhi,11146.8,Unauthorized,Under Review
DSP000593,TXN00038805,2025-08-12 09:45:16,UPI,Lucknow,4564.37,Goods not received,Lost
DSP000594,TXN00040104,2025-08-10 21:12:18,UPI,Lucknow,1471.13,Goods not received,Won
DSP000595,TXN00043705,2025-08-10 12:28:58,Card,Kochi,4367.47,Unauthorized,Withdrawn
DSP000596,TXN00019931,2025-08-12 03:45:17,UPI,Delhi,1910.17,Unauthorized,Won
DSP000597,TXN00015684,2025-08-12 12:27:36,UPI,Ahmedabad,3845.17,Amount mismatch,Lost
DSP000598,TXN00001024,2025-08-10 17:49:29,Card,Mumbai,18418.86,Goods not received,Under Review
DSP000599,TXN00022294,2025-08-11 19:59:28,Wallet,Delhi,2148.19,Unauthorized,Under Review
DSP000600,TXN00021634,2025-08-12 20:40:11,Card,Kochi,2202.2,Goods not received,Won
DSP000601,TXN00019686,2025-08-12 15:00:25,UPI,Ahmedabad,771.71,Unauthorized,Lost
DSP000602,TXN00017663,2025-08-12 20:14:33,Card,Ahmedabad,2240.24,Amount mismatch,Open
DSP000603,TXN00038515,2025-08-11 07:37:20,UPI,Kolkata,2792.07,Unauthorized,Won
DSP000604,TXN00039157,2025-08-12 03:39:54,UPI,Delhi,961.57,Unauthorized,Lost
DSP000605,TXN00030498,2025-08-11 07:49:40,Card,Kolkata,4290.82,Account takeover,Won
DSP000606,TXN00017056,2025-08-10 16:03:44,Wallet,Chandigarh,1449.09,Amount mismatch,Won
DSP000607,TXN00018026,2025-08-13 07:45:25,UPI,Surat,4730.29,Unauthorized,Open
DSP000608,TXN00040835,2025-08-12 16:07:25,UPI,Hyderabad,1424.13,Amount mismatch,Open
DSP000609,TXN00012439,2025-08-13 02:17:36,Card,Indore,1532.72,Goods not received,Withdrawn
DSP000610,TXN00001075,2025-08-12 01:57:58,UPI,Kolkata,9141.84,Unauthorized,Won
DSP000611,TXN00029523,2025-08-12 08:04:02,Wallet,Chandigarh,1135.46,Duplicate charge,Open
DSP000612,TXN00032334,2025-08-12 20:30:09,Card,Surat,1548.67,Account takeover,Won
DSP000613,TXN00002859,2025-08-12 10:25:28,UPI,Indore,7468.44,Unauthorized,Under Review
DSP000614,TXN00035001,2025-08-13 01:57:53,UPI,Jaipur,1251.46,Account takeover,Withdrawn
DSP000615,TXN00028264,2025-08-12 19:23:27,Card,Chandigarh,7260.75,Duplicate charge,Under Review
DSP000616,TXN00016759,2025-08-11 14:53:52,UPI,Kolkata,2338.52,Account takeover,Won
DSP000617,TXN00015414,2025-08-11 03:09:49,UPI,Lucknow,2224.09,Account takeover,Won
DSP000618,TXN00017853,2025-08-13 07:20:53,UPI,Surat,436.01,Goods not received,Open
DSP000619,TXN00010349,2025-08-11 11:57:43,UPI,Pune,8720.59,Goods not received,Under Review
DSP000620,TXN00018941,2025-08-11 22:39:26,Card,Nagpur,2614.78,Unauthorized,Won
DSP000621,TXN00040371,2025-08-12 08:19:21,UPI,Bengaluru,3317.9,Account takeover,Won
DSP000622,TXN00027538,2025-08-11 18:56:45,UPI,Surat,2382.87,Account takeover,Withdrawn
DSP000623,TXN00006925,2025-08-12 11:27:27,UPI,Ahmedabad,1814.88,Account takeover,Withdrawn
DSP000624,TXN00031915,2025-08-14 04:04:16,UPI,Chennai,17502.13,Amount mismatch,Lost
DSP000625,TXN00023274,2025-08-12 07:09:54,UPI,Chandigarh,3158.32,Account takeover,Open
DSP000626,TXN00039252,2025-08-13 21:17:59,UPI,Surat,1109.99,Amount mismatch,Under Review
DSP000627,TXN00035587,2025-08-11 19:07:36,UPI,Bengaluru,3227.01,Duplicate charge,Open
DSP000628,TXN00019139,2025-08-14 07:51:50,UPI,Pune,3513.88,Unauthorized,Lost
DSP000629,TXN00000059,2025-08-12 11:21:52,UPI,Nagpur,1097.04,Goods not received,Under Review
DSP000630,TXN00013804,2025-08-13 21:25:46,UPI,Surat,441.69,Duplicate charge,Open
DSP000631,TXN00028339,2025-08-14 07:20:56,Card,Chandigarh,922.61,Unauthorized,Open
DSP000632,TXN00038228,2025-08-14 14:20:14,UPI,Chennai,1450.79,Account takeover,Won
DSP000633,TXN00015581,2025-08-13 17:28:07,Wallet,Delhi,850.0,Account takeover,Won
DSP000634,TXN00018703,2025-08-13 18:55:22,UPI,Kochi,1446.74,Goods not received,Withdrawn
DSP000635,TXN00046166,2025-08-13 05:42:23,Wallet,Chandigarh,2039.67,Duplicate charge,Open
DSP000636,TXN00036028,2025-08-14 11:06:34,UPI,Ahmedabad,1371.28,Amount mismatch,Open
DSP000637,TXN00042676,2025-08-12 04:40:36,UPI,Kolkata,4732.31,Unauthorized,Won
DSP000638,TXN00038885,2025-08-13 11:40:10,UPI,Hyderabad,1420.2,Goods not received,Open
DSP000639,TXN00042294,2025-08-13 01:42:59,UPI,Delhi,6456.53,Unauthorized,Lost
DSP000640,TXN00003211,2025-08-13 17:00:42,UPI,Ahmedabad,3523.75,Goods not received,Open
DSP000641,TXN00027140,2025-08-13 08:09:47,UPI,Hyderabad,71995.94,Goods not received,Open
DSP000642,TXN00036524,2025-08-14 10:35:30,UPI,Ahmedabad,1208.09,Goods not received,Won
DSP000643,TXN00031257,2025-08-13 05:24:12,Card,Chandigarh,52091.48,Account takeover,Lost
DSP000644,TXN00004727,2025-08-15 05:03:11,Card,Hyderabad,1314.41,Duplicate charge,Open
DSP000645,TXN00025717,2025-08-14 17:26:05,UPI,Surat,1662.46,Account takeover,Withdrawn
DSP000646,TXN00021277,2025-08-14 13:37:46,UPI,Jaipur,7043.38,Duplicate charge,Withdrawn
DSP000647,TXN00036423,2025-08-14 13:39:06,UPI,Chennai,8198.08,Goods not received,Lost
DSP000648,TXN00016506,2025-08-14 14:35:35,Card,Chandigarh,1144.51,Unauthorized,Lost
DSP000649,TXN00019633,2025-08-15 05:45:57,Card,Kolkata,9845.86,Unauthorized,Open
DSP000650,TXN00040646,2025-08-15 05:50:22,Card,Bengaluru,13305.59,Goods not received,Under Review
DSP000651,TXN00028506,2025-08-14 04:07:43,Card,Indore,1585.88,Duplicate charge,Open
DSP000652,TXN00027322,2025-08-15 09:11:03,UPI,Kolkata,2608.85,Account takeover,Won
DSP000653,TXN00028188,2025-08-13 10:26:29,Card,Hyderabad,5907.54,Unauthorized,Won
DSP000654,TXN00031903,2025-08-14 21:40:05,Card,Indore,28327.62,Duplicate charge,Open
DSP000655,TXN00019174,2025-08-15 01:40:35,UPI,Delhi,8679.53,Unauthorized,Under Review
DSP000656,TXN00017129,2025-08-15 15:24:49,Card,Chennai,1675.12,Goods not received,Withdrawn
DSP000657,TXN00004000,2025-08-14 15:58:03,UPI,Surat,1477.94,Account takeover,Under Review
DSP000658,TXN00015141,2025-08-14 08:19:52,UPI,Bengaluru,1230.69,Amount mismatch,Won
DSP000659,TXN00001698,2025-08-14 05:43:02,UPI,Chandigarh,887.9,Unauthorized,Won
DSP000660,TXN00000883,2025-08-15 16:44:42,Card,Jaipur,610.64,Duplicate charge,Withdrawn
DSP000661,TXN00010900,2025-08-13 10:10:04,Card,Surat,601.37,Goods not received,Open
DSP000662,TXN00042813,2025-08-15 03:25:43,UPI,Indore,4769.06,Unauthorized,Open
DSP000663,TXN00041856,2025-08-15 15:28:17,Card,Kochi,4984.43,Goods not received,Lost
DSP000664,TXN00009803,2025-08-14 06:52:51,Card,Delhi,2494.08,Account takeover,Withdrawn
DSP000665,TXN00017764,2025-08-14 13:27:41,Wallet,Lucknow,1115.55,Unauthorized,Open
DSP000666,TXN00030338,2025-08-14 02:48:09,Wallet,Delhi,6675.01,Account takeover,Open
DSP000667,TXN00010643,2025-08-16 09:11:59,UPI,Delhi,1222.97,Duplicate charge,Lost
DSP000668,TXN00029042,2025-08-14 23:06:10,UPI,Delhi,13191.85,Account takeover,Under Review
DSP000669,TXN00046661,2025-08-14 10:21:44,UPI,Pune,1941.2,Account takeover,Won
DSP000670,TXN00011781,2025-08-15 21:43:56,Card,Indore,5868.18,Amount mismatch,Won
DSP000671,TXN00021522,2025-08-15 21:12:05,UPI,Nagpur,2797.77,Account takeover,Lost
DSP000672,TXN00024908,2025-08-13 21:33:41,Card,Mumbai,7017.23,Account takeover,Open
DSP000673,TXN00020432,2025-08-15 09:53:19,UPI,Delhi,2028.34,Unauthorized,Under Review
DSP000674,TXN00021646,2025-08-13 18:37:18,UPI,Indore,620.91,Account takeover,Lost
DSP000675,TXN00012306,2025-08-14 03:57:54,Card,Delhi,10107.8,Account takeover,Under Review
DSP000676,TXN00030618,2025-08-14 22:44:45,UPI,Pune,2372.14,Unauthorized,Won
DSP000677,TXN00003526,2025-08-14 10:36:40,UPI,Jaipur,1300.8,Goods not received,Under Review
DSP000678,TXN00034725,2025-08-15 15:44:30,Wallet,Pune,703.1,Unauthorized,Won
DSP000679,TXN00038964,2025-08-14 00:15:13,UPI,Chandigarh,1239.27,Unauthorized,Under Review
DSP000680,TXN00043189,2025-08-14 01:44:16,UPI,Ahmedabad,2134.04,Account takeover,Under Review
